"","city","n","deff","ess"
"1","mtl",1179,2.28575702654858,515.802854943097
"2","trt",517,1.59635574625581,323.862648543475
"3","van",753,2.15450087462577,349.500902444885
