"time_cutoff","Québec","Ontario","British Columbia"
40,2.16543134613244,2.08418853137141,1.91843013127937
50,1.95135191621282,1.93870455858715,1.87011449102137
60,1.78609337092507,1.83202908241363,1.76948932749583
